ID_Cliente,Usuario,Senha_Hash,Nivel_Acesso,Ultimo_Acesso
1,davi.monteiro32,e10adc3949ba59abbe56e057f20f88,Cliente,2025-06-07 20:00:56
2,marcelo.vieira78,c33367701511b4f6020ec61ded3520,Cliente,2025-09-27 23:06:46
3,amanda.machado43,1dabb6e36d418742194609804b4946,Cliente,2024-01-03 02:03:34
4,sophia.oliveira69,28242475475659891c98606a696c69,Cliente,2025-03-05 23:43:33
5,daniela.santos33,33ada93d73a1c520c6dbe94fc47b0c,Cliente,2025-11-10 18:47:13
6,leonardo.monteiro23,0e67bd01e5c0050b72aadced391083,Cliente,2024-01-28 08:19:34
7,aline.moreira69,35f55c3aa496cea536e550156e0238,Cliente,2025-07-15 05:46:51
8,alice.nascimento91,7965b5a69b6500ec3497c887b475dd,Cliente,2024-01-23 10:54:52
9,priscila.lopes65,f8c63ee54d3853ad15818bc42fbff4,Cliente,2024-04-04 22:20:50
10,thiago.nascimento87,55b59a2250d4691c6a963444972a09,Cliente,2024-03-19 04:24:59
11,mariana.botelho12,a12b32c44d55e66f77a88b99c00d11,Cliente,2024-05-10 14:00:00
12,renata.araujo88,b22c33d44e55f66g77h88i99j00k11,Cliente,2025-02-15 10:30:00
13,julia.fernandes44,c33d44e55f66g77h88i99j00k11l22,Cliente,2024-08-20 16:45:00
14,camila.silva99,d44e55f66g77h88i99j00k11l22m33,Cliente,2024-01-12 09:15:00
15,rodrigo.santos22,e55f66g77h88i99j00k11l22m33n44,Cliente,2025-03-22 21:00:00
16,carolina.lima55,f66g77h88i99j00k11l22m33n44o55,Cliente,2024-11-05 18:30:00
17,pedro.gomes33,g77h88i99j00k11l22m33n44o55p66,Cliente,2024-12-30 08:00:00
18,beatriz.almeida77,h88i99j00k11l22m33n44o55p66q77,Cliente,2025-01-05 14:20:00
19,juliana.oliveira11,i99j00k11l22m33n44o55p66q77r88,Cliente,2024-06-18 11:10:00
20,helena.costa44,j00k11l22m33n44o55p66q77r88s99,Cliente,2024-09-14 22:50:00
21,felipe.rodrigues66,k11l22m33n44o55p66q77r88s99t00,Cliente,2025-04-10 13:15:00
22,marcos.nascimento88,l22m33n44o55p66q77r88s99t00u11,Cliente,2024-02-28 09:40:00
23,patricia.lima33,m33n44o55p66q77r88s99t00u11v22,Cliente,2024-10-15 15:30:00
24,diego.araujo55,n44o55p66q77r88s99t00u11v22w33,Cliente,2024-01-05 20:10:00
25,vanessa.fernandes77,o55p66q77r88s99t00u11v22w33x44,Cliente,2025-02-18 12:00:00
26,leonardo.carvalho99,p66q77r88s99t00u11v22w33x44y55,Cliente,2024-03-30 17:45:00
27,aline.gomes22,q77r88s99t00u11v22w33x44y55z66,Cliente,2024-05-12 11:20:00
28,marcelo.martins44,r88s99t00u11v22w33x44y55z66a77,Cliente,2025-07-25 08:50:00
29,bianca.rocha66,s99t00u11v22w33x44y55z66a77b88,Cliente,2024-08-01 23:15:00
30,eduardo.ribeiro88,t00u11v22w33x44y55z66a77b88c99,Cliente,2024-12-10 14:40:00
31,priscila.rezende11,u11v22w33x44y55z66a77b88c99d00,Cliente,2025-01-20 19:30:00
32,arthur.barbosa33,v22w33x44y55z66a77b88c99d00e11,Cliente,2024-04-15 10:10:00
33,alice.melo55,w33x44y55z66a77b88c99d00e11f22,Cliente,2024-06-02 22:05:00
34,bernardo.cardoso77,x44y55z66a77b88c99d00e11f22g33,Cliente,2024-02-14 07:45:00
35,helena.teixeira99,y55z66a77b88c99d00e11f22g33h44,Cliente,2025-09-10 13:25:00
36,heitor.souza22,z66a77b88c99d00e11f22g33h44i55,Cliente,2024-10-25 16:50:00
37,sophia.vieira44,a77b88c99d00e11f22g33h44i55j66,Cliente,2024-01-18 20:15:00
38,davi.cavalcanti66,b88c99d00e11f22g33h44i55j66k77,Cliente,2025-05-30 09:30:00
39,valentina.dias88,c99d00e11f22g33h44i55j66k77l88,Cliente,2024-03-05 15:40:00
40,lorenzo.moreira11,d00e11f22g33h44i55j66k77l88m99,Cliente,2024-11-12 11:00:00
41,laura.andrade33,e11f22g33h44i55j66k77l88m99n00,Cliente,2025-08-22 17:10:00
42,joao.nunes55,f22g33h44i55j66k77l88m99n00o11,Cliente,2024-04-01 23:55:00
43,maria.marques77,g33h44i55j66k77l88m99n00o11p22,Cliente,2024-07-15 12:45:00
44,jose.machado99,h44i55j66k77l88m99n00o11p22q33,Cliente,2024-01-20 08:30:00
45,ana.mendes22,i55j66k77l88m99n00o11p22q33r44,Cliente,2025-02-10 14:15:00
46,lucas.freitas44,j66k77l88m99n00o11p22q33r44s55,Cliente,2024-06-05 19:20:00
47,mariana.pinto66,k77l88m99n00o11p22q33r44s55t66,Cliente,2024-03-12 10:05:00
48,pedro.lopes88,l88m99n00o11p22q33r44s55t66u77,Cliente,2025-10-28 22:40:00
49,beatriz.botelho11,m99n00o11p22q33r44s55t66u77v88,Cliente,2024-01-30 07:15:00
50,gabriel.guerra33,n00o11p22q33r44s55t66u77v88w99,Cliente,2024-05-14 13:50:00
51,julia.batista55,o11p22q33r44s55t66u77v88w99x00,Cliente,2025-07-01 16:30:00
52,carlos.duarte77,p22q33r44s55t66u77v88w99x00y11,Cliente,2024-08-18 09:10:00
53,fernanda.pires99,q33r44s55t66u77v88w99x00y11z22,Cliente,2024-02-25 21:55:00
54,ricardo.monteiro22,r44s55t66u77v88w99x00y11z22a33,Cliente,2025-11-30 11:40:00
55,camila.silva44,s55t66u77v88w99x00y11z22a33b44,Cliente,2024-03-08 15:20:00
56,bruno.pereira66,t66u77v88w99x00y11z22a33b44c55,Cliente,2024-12-15 19:45:00
57,larissa.oliveira88,u77v88w99x00y11z22a33b44c55d66,Cliente,2025-01-10 08:05:00
58,thiago.costa11,v88w99x00y11z22a33b44c55d66e77,Cliente,2024-04-20 14:10:00
59,amanda.rodrigues33,w99x00y11z22a33b44c55d66e77f88,Cliente,2024-06-30 10:55:00
60,rafael.almeida55,x00y11z22a33b44c55d66e77f88g99,Cliente,2024-01-05 22:30:00
61,daniela.nascimento77,y11z22a33b44c55d66e77f88g99h00,Cliente,2025-05-12 11:45:00
62,gustavo.lima99,z11z22a33b44c55d66e77f88g99h00i11,Cliente,2024-07-25 14:00:00
63,leticia.araujo22,a22z22a33b44c55d66e77f88g99h00j22,Cliente,2024-10-01 16:15:00
64,felipe.fernandes44,b33z22a33b44c55d66e77f88g99h00k33,Cliente,2024-02-14 09:30:00
65,juliana.carvalho66,c44z22a33b44c55d66e77f88g99h00l44,Cliente,2025-09-18 13:50:00
66,andre.gomes88,d55z22a33b44c55d66e77f88g99h00m55,Cliente,2024-03-25 15:10:00
67,sonia.martins11,e66z22a33b44c55d66e77f88g99h00n66,Cliente,2024-01-30 11:20:00
68,marcos.rocha33,f77z22a33b44c55d66e77f88g99h00o77,Cliente,2024-06-15 08:45:00
69,patricia.ribeiro55,g88z22a33b44c55d66e77f88g99h00p88,Cliente,2025-12-05 20:30:00
70,rodrigo.rezende77,h99z22a33b44c55d66e77f88g99h00q99,Cliente,2024-04-12 23:55:00
71,renata.barbosa99,i00z22a33b44c55d66e77f88g99h00r00,Cliente,2024-07-01 14:20:00
72,diego.melo22,j11z22a33b44c55d66e77f88g99h00s11,Cliente,2025-02-18 10:45:00
73,vanessa.cardoso44,k22z22a33b44c55d66e77f88g99h00t22,Cliente,2024-08-10 16:30:00
74,leonardo.teixeira66,l33z22a33b44c55d66e77f88g99h00u33,Cliente,2024-01-20 09:15:00
75,aline.souza88,m44z22a33b44c55d66e77f88g99h00v44,Cliente,2025-03-22 21:05:00
76,marcelo.vieira11,n55z22a33b44c55d66e77f88g99h00w55,Cliente,2024-11-05 18:35:00
77,bianca.cavalcanti33,o66z22a33b44c55d66e77f88g99h00x66,Cliente,2024-12-30 08:10:00
78,eduardo.dias55,p77z22a33b44c55d66e77f88g99h00y77,Cliente,2025-01-05 14:30:00
79,priscila.moreira77,q88z22a33b44c55d66e77f88g99h00z88,Cliente,2024-06-18 11:20:00
80,arthur.andrade99,r99z22a33b44c55d66e77f88g99h00a99,Cliente,2024-09-14 22:55:00
81,alice.nunes22,s00z22a33b44c55d66e77f88g99h00b00,Cliente,2025-04-10 13:20:00
82,bernardo.marques44,t11z22a33b44c55d66e77f88g99h00c11,Cliente,2024-02-28 09:50:00
83,helena.machado66,u22z22a33b44c55d66e77f88g99h00d22,Cliente,2024-10-15 15:40:00
84,heitor.mendes88,v33z22a33b44c55d66e77f88g99h00e33,Cliente,2024-01-05 20:20:00
85,sophia.freitas11,w44z22a33b44c55d66e77f88g99h00f44,Cliente,2025-02-18 12:10:00
86,davi.pinto33,x55z22a33b44c55d66e77f88g99h00g55,Cliente,2024-03-30 17:55:00
87,valentina.lopes55,y66z22a33b44c55d66e77f88g99h00h66,Cliente,2024-05-12 11:30:00
88,lorenzo.botelho77,z77z22a33b44c55d66e77f88g99h00i77,Cliente,2025-07-25 09:00:00
89,laura.guerra99,a88z22a33b44c55d66e77f88g99h00j88,Cliente,2024-08-01 23:25:00
90,joao.batista22,b99z22a33b44c55d66e77f88g99h00k99,Cliente,2024-12-10 14:50:00
91,maria.duarte44,c00z22a33b44c55d66e77f88g99h00l00,Cliente,2025-01-20 19:40:00
92,jose.pires66,d11z22a33b44c55d66e77f88g99h00m11,Cliente,2024-04-15 10:20:00
93,ana.monteiro88,e22z22a33b44c55d66e77f88g99h00n22,Cliente,2024-06-02 22:15:00
94,lucas.silva11,f33z22a33b44c55d66e77f88g99h00o33,Cliente,2024-02-14 07:55:00
95,mariana.pereira33,g44z22a33b44c55d66e77f88g99h00p44,Cliente,2025-09-10 13:35:00
96,pedro.oliveira55,h55z22a33b44c55d66e77f88g99h00q55,Cliente,2024-10-25 17:00:00
97,beatriz.costa77,i66z22a33b44c55d66e77f88g99h00r66,Cliente,2024-01-18 20:25:00
98,gabriel.rodrigues99,j77z22a33b44c55d66e77f88g99h00s77,Cliente,2025-05-30 09:40:00
99,julia.almeida22,k88z22a33b44c55d66e77f88g99h00t88,Cliente,2024-03-05 15:50:00
100,carlos.nascimento44,l99z22a33b44c55d66e77f88g99h00u99,Cliente,2024-11-12 11:10:00
101,fernanda.lima66,m00z22a33b44c55d66e77f88g99h00v00,Cliente,2025-08-22 17:20:00
102,ricardo.araujo88,n11z22a33b44c55d66e77f88g99h00w11,Cliente,2024-04-01 23:59:00
103,camila.fernandes11,o22z22a33b44c55d66e77f88g99h00x22,Cliente,2024-07-15 12:55:00
104,bruno.carvalho33,p33z22a33b44c55d66e77f88g99h00y33,Cliente,2024-01-20 08:40:00
105,larissa.gomes55,q44z22a33b44c55d66e77f88g99h00z44,Cliente,2025-02-10 14:25:00
106,thiago.martins77,r55z22a33b44c55d66e77f88g99h00a55,Cliente,2024-06-05 19:30:00
107,amanda.rocha99,s66z22a33b44c55d66e77f88g99h00b66,Cliente,2024-03-12 10:15:00
108,rafael.ribeiro22,t77z22a33b44c55d66e77f88g99h00c77,Cliente,2025-10-28 22:50:00
109,daniela.rezende44,u88z22a33b44c55d66e77f88g99h00d88,Cliente,2024-01-30 07:25:00
110,gustavo.barbosa66,v99z22a33b44c55d66e77f88g99h00e99,Cliente,2024-05-14 14:00:00
111,leticia.melo88,w00z22a33b44c55d66e77f88g99h00f00,Cliente,2025-07-01 16:40:00
112,felipe.cardoso11,x11z22a33b44c55d66e77f88g99h00g11,Cliente,2024-08-18 09:20:00
113,juliana.teixeira33,y22z22a33b44c55d66e77f88g99h00h22,Cliente,2024-02-25 21:59:00
114,andre.souza55,z33z22a33b44c55d66e77f88g99h00i33,Cliente,2025-11-30 11:50:00
115,sonia.vieira77,a44z22a33b44c55d66e77f88g99h00j44,Cliente,2024-03-08 15:30:00
116,marcos.cavalcanti99,b55z22a33b44c55d66e77f88g99h00k55,Cliente,2024-12-15 19:55:00
117,patricia.dias22,c66z22a33b44c55d66e77f88g99h00l66,Cliente,2025-01-10 08:15:00
118,rodrigo.moreira44,d77z22a33b44c55d66e77f88g99h00m77,Cliente,2024-04-20 14:20:00
119,renata.andrade66,e88z22a33b44c55d66e77f88g99h00n88,Cliente,2024-06-30 11:05:00
120,diego.nunes88,f99z22a33b44c55d66e77f88g99h00o99,Cliente,2024-01-05 22:40:00
121,vanessa.marques11,g00z22a33b44c55d66e77f88g99h00p00,Cliente,2025-05-12 11:55:00
122,leonardo.machado33,h11z22a33b44c55d66e77f88g99h00q11,Cliente,2024-07-25 14:10:00
123,aline.mendes55,i22z22a33b44c55d66e77f88g99h00r22,Cliente,2024-10-01 16:25:00
124,marcelo.freitas77,j33z22a33b44c55d66e77f88g99h00s33,Cliente,2024-02-14 09:40:00
125,bianca.pinto99,k44z22a33b44c55d66e77f88g99h00t44,Cliente,2025-09-18 14:00:00
126,eduardo.lopes11,l55z22a33b44c55d66e77f88g99h00,Cliente,2024-03-25 15:20:00
127,priscila.botelho33,m66z22a33b44c55d66e77f88g99h0,Cliente,2024-01-30 11:30:00
128,arthur.guerra55,n77z22a33b44c55d66e77f88g99h00,Cliente,2024-06-15 08:55:00
129,alice.batista77,o88z22a33b44c55d66e77f88g99h00,Cliente,2025-12-05 20:40:00
130,bernardo.duarte99,p99z22a33b44c55d66e77f88g99h0,Cliente,2024-04-12 23:58:00
131,helena.pires22,q00z22a33b44c55d66e77f88g99h00,Cliente,2024-07-01 14:30:00
132,heitor.monteiro44,r11z22a33b44c55d66e77f88g99h0,Cliente,2025-02-18 10:55:00
133,sophia.silva66,s22z22a33b44c55d66e77f88g99h00,Cliente,2024-08-10 16:40:00
134,davi.pereira88,t33z22a33b44c55d66e77f88g99h00,Cliente,2024-01-20 09:25:00
135,valentina.oliveira11,u44z22a33b44c55d66e77f88g99,Cliente,2025-03-22 21:15:00
136,lorenzo.costa33,v55z22a33b44c55d66e77f88g99h00,Cliente,2024-11-05 18:45:00
137,laura.rodrigues55,w66z22a33b44c55d66e77f88g99,Cliente,2024-12-30 08:20:00
138,joao.almeida77,x77z22a33b44c55d66e77f88g99h00,Cliente,2025-01-05 14:40:00
139,maria.nascimento99,y88z22a33b44c55d66e77f88g99,Cliente,2024-06-18 11:30:00
140,jose.lima22,z99z22a33b44c55d66e77f88g99h00,Cliente,2024-09-14 22:59:00
141,ana.araujo44,a00z22a33b44c55d66e77f88g99h00,Cliente,2025-04-10 13:30:00
142,lucas.fernandes66,b11z22a33b44c55d66e77f88g99,Cliente,2024-02-28 09:59:00
143,mariana.carvalho88,c22z22a33b44c55d66e77f88g9,Cliente,2024-10-15 15:50:00
144,pedro.gomes11,d33z22a33b44c55d66e77f88g99h00,Cliente,2024-01-05 20:30:00
145,beatriz.martins33,e44z22a33b44c55d66e77f88g9,Cliente,2025-02-18 12:20:00
146,gabriel.rocha55,f55z22a33b44c55d66e77f88g99h0,Cliente,2024-03-30 18:05:00
147,julia.ribeiro77,g66z22a33b44c55d66e77f88g99h0,Cliente,2024-05-12 11:40:00
148,carlos.rezende99,h77z22a33b44c55d66e77f88g9,Cliente,2025-07-25 09:10:00
149,fernanda.barbosa22,i88z22a33b44c55d66e77f88g9,Cliente,2024-08-01 23:35:00
150,ricardo.melo44,j99z22a33b44c55d66e77f88g99h0,Cliente,2024-12-10 14:59:00
151,camila.cardoso66,k00z22a33b44c55d66e77f88g9,Cliente,2025-01-20 19:50:00
152,bruno.teixeira88,l11z22a33b44c55d66e77f88g9,Cliente,2024-04-15 10:30:00
153,larissa.souza11,m22z22a33b44c55d66e77f88g99h0,Cliente,2024-06-02 22:25:00
154,thiago.vieira33,n33z22a33b44c55d66e77f88g99h0,Cliente,2024-02-14 08:05:00
155,amanda.cavalcanti55,o44z22a33b44c55d66e77f88,Cliente,2025-09-10 13:45:00
156,rafael.dias77,p55z22a33b44c55d66e77f88g99h00,Cliente,2024-10-25 17:10:00
157,daniela.moreira99,q66z22a33b44c55d66e77f88g9,Cliente,2024-01-18 20:35:00
158,gustavo.andrade22,r77z22a33b44c55d66e77f88g9,Cliente,2025-05-30 09:50:00
159,leticia.nunes44,s88z22a33b44c55d66e77f88g99h0,Cliente,2024-03-05 15:59:00
160,felipe.marques66,t99z22a33b44c55d66e77f88g9,Cliente,2024-11-12 11:20:00
161,juliana.machado88,u00z22a33b44c55d66e77f88g9,Cliente,2025-08-22 17:30:00
162,andre.mendes11,v11z22a33b44c55d66e77f88g99h0,Cliente,2024-04-02 00:10:00
163,sonia.freitas33,w22z22a33b44c55d66e77f88g99h0,Cliente,2024-07-15 13:05:00
164,marcos.pinto55,x33z22a33b44c55d66e77f88g99h00,Cliente,2024-01-20 08:50:00
165,patricia.lopes77,y44z22a33b44c55d66e77f88g9,Cliente,2025-02-10 14:35:00
166,rodrigo.botelho99,z55z22a33b44c55d66e77f88g9,Cliente,2024-06-05 19:40:00
167,renata.guerra22,a66z22a33b44c55d66e77f88g99h0,Cliente,2024-03-12 10:25:00
168,diego.batista44,b77z22a33b44c55d66e77f88g99h0,Cliente,2025-10-28 22:59:00
169,vanessa.duarte66,c88z22a33b44c55d66e77f88g9,Cliente,2024-01-30 07:35:00
170,leonardo.pires88,d99z22a33b44c55d66e77f88g9,Cliente,2024-05-14 14:10:00
171,aline.monteiro11,e00z22a33b44c55d66e77f88g99h,Cliente,2025-07-01 16:50:00
172,marcelo.silva33,f11z22a33b44c55d66e77f88g99h0,Cliente,2024-08-18 09:30:00
173,bianca.pereira55,g22z22a33b44c55d66e77f88g9,Cliente,2024-02-25 22:10:00
174,eduardo.oliveira77,h33z22a33b44c55d66e77f88g9,Cliente,2025-11-30 11:59:00
175,priscila.costa99,i44z22a33b44c55d66e77f88g99h,Cliente,2024-03-08 15:40:00
176,arthur.rodrigues22,j55z22a33b44c55d66e77f88g,Cliente,2024-12-15 20:05:00
177,alice.almeida44,k66z22a33b44c55d66e77f88g99h0,Cliente,2025-01-10 08:25:00
178,bernardo.nascimento66,l77z22a33b44c55d66e77f8,Cliente,2024-04-20 14:30:00
179,helena.lima88,m88z22a33b44c55d66e77f88g99h00,Cliente,2024-06-30 11:15:00
180,heitor.araujo11,n99z22a33b44c55d66e77f88g99h0,Cliente,2024-01-05 22:50:00
181,sophia.fernandes33,o00z22a33b44c55d66e77f88g,Cliente,2025-05-12 12:05:00
182,davi.carvalho55,p11z22a33b44c55d66e77f88g99h,Cliente,2024-07-25 14:20:00
183,valentina.gomes77,q22z22a33b44c55d66e77f88g9,Cliente,2024-10-01 16:35:00
184,lorenzo.martins99,r33z22a33b44c55d66e77f88g,Cliente,2024-02-14 09:50:00
185,laura.rocha22,s44z22a33b44c55d66e77f88g99h00,Cliente,2025-09-18 14:10:00
186,joao.ribeiro44,t55z22a33b44c55d66e77f88g99h00,Cliente,2024-03-25 15:30:00
187,maria.rezende66,u66z22a33b44c55d66e77f88g9,Cliente,2024-01-30 11:40:00
188,jose.barbosa88,v77z22a33b44c55d66e77f88g99h0,Cliente,2024-06-15 09:05:00
189,ana.melo11,w88z22a33b44c55d66e77f88g99h00,Cliente,2025-12-05 20:50:00
190,lucas.cardoso33,x99z22a33b44c55d66e77f88g99h,Cliente,2024-04-13 00:10:00
191,mariana.teixeira55,y00z22a33b44c55d66e77f88g,Cliente,2024-07-01 14:40:00
192,pedro.souza77,z11z22a33b44c55d66e77f88g99h00,Cliente,2025-02-18 11:05:00
193,beatriz.vieira99,a22z22a33b44c55d66e77f88g9,Cliente,2024-08-10 16:50:00
194,gabriel.cavalcanti22,b33z22a33b44c55d66e77f8,Cliente,2024-01-20 09:35:00
195,julia.dias44,c44z22a33b44c55d66e77f88g99h00,Cliente,2025-03-22 21:25:00
196,carlos.moreira66,d55z22a33b44c55d66e77f88g9,Cliente,2024-11-05 18:55:00
197,fernanda.andrade88,e66z22a33b44c55d66e77f8,Cliente,2024-12-30 08:30:00
198,ricardo.nunes11,f77z22a33b44c55d66e77f88g99h,Cliente,2025-01-05 14:50:00
199,camila.marques33,g88z22a33b44c55d66e77f88g,Cliente,2024-06-18 11:40:00
200,bruno.machado55,h99z22a33b44c55d66e77f88g99,Cliente,2024-09-14 23:10:00
201,larissa.mendes77,i00z22a33b44c55d66e77f88g9,Cliente,2025-04-10 13:40:00
202,thiago.freitas99,j11z22a33b44c55d66e77f88g9,Cliente,2024-02-28 10:10:00
203,amanda.pinto22,k22z22a33b44c55d66e77f88g99h0,Cliente,2024-10-15 16:00:00
204,rafael.lopes44,l33z22a33b44c55d66e77f88g99h0,Cliente,2024-01-05 20:40:00
205,daniela.botelho66,m44z22a33b44c55d66e77f88g,Cliente,2025-02-18 12:30:00
206,gustavo.guerra88,n55z22a33b44c55d66e77f88g9,Cliente,2024-03-30 18:15:00
207,leticia.batista11,o66z22a33b44c55d66e77f88g,Cliente,2024-05-12 11:50:00
208,felipe.duarte33,p77z22a33b44c55d66e77f88g99h,Cliente,2025-07-25 09:20:00
209,juliana.pires55,q88z22a33b44c55d66e77f88g99h,Cliente,2024-08-01 23:45:00
210,andre.monteiro77,r99z22a33b44c55d66e77f88g9,Cliente,2024-12-10 15:10:00
211,sonia.silva99,s00z22a33b44c55d66e77f88g99h0,Cliente,2025-01-20 20:00:00
212,marcos.pereira22,t11z22a33b44c55d66e77f88g9,Cliente,2024-04-15 10:40:00
213,patricia.oliveira44,u22z22a33b44c55d66e77f88,Cliente,2024-06-02 22:35:00
214,rodrigo.costa66,v33z22a33b44c55d66e77f88g99h,Cliente,2024-02-14 08:15:00
215,renata.rodrigues88,w44z22a33b44c55d66e77f8,Cliente,2025-09-10 13:55:00
216,diego.almeida11,x55z22a33b44c55d66e77f88g99,Cliente,2024-10-25 17:20:00
217,vanessa.nascimento33,y66z22a33b44c55d66e77f,Cliente,2024-01-18 20:45:00
218,leonardo.lima55,z77z22a33b44c55d66e77f88g99h,Cliente,2025-05-30 10:00:00
219,aline.araujo77,a88z22a33b44c55d66e77f88g99h0,Cliente,2024-03-05 16:10:00
220,marcelo.fernandes99,b99z22a33b44c55d66e77f8,Cliente,2024-11-12 11:30:00
221,bianca.carvalho22,c00z22a33b44c55d66e77f88g,Cliente,2025-08-22 17:40:00
222,eduardo.gomes44,d11z22a33b44c55d66e77f88g99h,Cliente,2024-04-02 00:20:00
223,priscila.martins66,e22z22a33b44c55d66e77f88g,Cliente,2024-07-15 13:15:00
224,arthur.rocha88,f33z22a33b44c55d66e77f88g99h00,Cliente,2024-01-20 09:00:00
225,alice.ribeiro11,g44z22a33b44c55d66e77f88g99h0,Cliente,2025-02-10 14:45:00
226,bernardo.rezende33,h55z22a33b44c55d66e77f8,Cliente,2024-06-05 19:50:00
227,helena.barbosa55,i66z22a33b44c55d66e77f88g99,Cliente,2024-03-12 10:35:00
228,heitor.melo77,j77z22a33b44c55d66e77f88g99h00,Cliente,2025-10-28 23:10:00
229,sophia.cardoso99,k88z22a33b44c55d66e77f88g9,Cliente,2024-01-30 07:45:00
230,davi.teixeira22,l99z22a33b44c55d66e77f88g99h,Cliente,2024-05-14 14:20:00
231,valentina.souza44,m00z22a33b44c55d66e77f88g,Cliente,2025-07-01 17:00:00
232,lorenzo.vieira66,n11z22a33b44c55d66e77f88g99h,Cliente,2024-08-18 09:40:00
233,laura.cavalcanti88,o22z22a33b44c55d66e77f8,Cliente,2024-02-25 22:20:00
234,joao.dias11,p33z22a33b44c55d66e77f88g99h00,Cliente,2025-11-30 12:10:00
235,maria.moreira33,q44z22a33b44c55d66e77f88g9,Cliente,2024-03-08 15:50:00
236,jose.andrade55,r55z22a33b44c55d66e77f88g99h,Cliente,2024-12-15 20:15:00
237,ana.nunes77,s66z22a33b44c55d66e77f88g99h00,Cliente,2025-01-10 08:35:00
238,lucas.marques99,t77z22a33b44c55d66e77f88g99,Cliente,2024-04-20 14:40:00
239,mariana.machado22,u88z22a33b44c55d66e77f88g,Cliente,2024-06-30 11:25:00
240,pedro.mendes44,v99z22a33b44c55d66e77f88g99h,Cliente,2024-01-05 23:00:00
241,beatriz.freitas66,w00z22a33b44c55d66e77f88g,Cliente,2025-05-12 12:15:00
242,gabriel.pinto88,x11z22a33b44c55d66e77f88g99h,Cliente,2024-07-25 14:30:00
243,julia.lopes11,y22z22a33b44c55d66e77f88g99h00,Cliente,2024-10-01 16:45:00
244,carlos.botelho33,z33z22a33b44c55d66e77f88g99,Cliente,2024-02-14 10:00:00
245,fernanda.guerra55,a44z22a33b44c55d66e77f88g,Cliente,2025-09-18 14:20:00
246,ricardo.batista77,b55z22a33b44c55d66e77f88g9,Cliente,2024-03-25 15:40:00
247,camila.duarte99,c66z22a33b44c55d66e77f88g99h,Cliente,2024-01-30 11:50:00
248,bruno.pires22,d77z22a33b44c55d66e77f88g99h00,Cliente,2024-06-15 09:15:00
249,larissa.monteiro44,e88z22a33b44c55d66e77f88g,Cliente,2025-12-05 21:00:00
250,thiago.silva66,f99z22a33b44c55d66e77f88g99h0,Cliente,2024-04-13 00:20:00